rxnID	coefficient	Metabolite standard name	Metabolite_type	compartment
R00094	1	NAD	reactant	cytoplasm
R00094	2	glutathione	reactant	cytoplasm
R00094	1	NADH	product	cytoplasm
R00094	1	H+	product	cytoplasm
R00094	1	glutathione disulfide	product	cytoplasm
R00139	1	ATP	reactant	cytoplasm
R00139	1	2'-Deoxy-5-hydroxymethylcytidine-5'-diphosphate	reactant	cytoplasm
R00139	1	ADP	product	cytoplasm
R00139	1	2'-Deoxy-5-hydroxymethylcytidine-5'-triphosphate	product	cytoplasm
R00160	1	H2O	reactant	cytoplasm
R00160	1	FAD	reactant	cytoplasm
R00160	1	AMP	product	cytoplasm
R00160	1	FMN	product	cytoplasm
R00160	2	H+	product	cytoplasm
R00187	1	H2O	reactant	mitochondrion
R00187	1	P1,P3-Bis(5'-adenosyl) triphosphate	reactant	mitochondrion
R00187	1	ADP	product	mitochondrion
R00187	1	AMP	product	mitochondrion
R00187	2	H+	product	mitochondrion
R00245	1	H2O	reactant	mitochondrion
R00245	1	NAD	reactant	mitochondrion
R00245	1	L-glutamic 5-semialdehyde	reactant	mitochondrion
R00245	1	NADH	product	mitochondrion
R00245	1	L-glutamate	product	mitochondrion
R00245	2	H+	product	mitochondrion
R00264	1	H2O	reactant	cytoplasm
R00264	1	NADP(+)	reactant	cytoplasm
R00264	1	2,5-Dioxopentanoate	reactant	cytoplasm
R00264	1	NADPH	product	cytoplasm
R00264	1	2-oxoglutarate	product	cytoplasm
R00264	2	H+	product	cytoplasm
R00428	1	H2O	reactant	cytoplasm
R00428	1	GTP	reactant	cytoplasm
R00428	1	H+	reactant	cytoplasm
R00428	1	Formamidopyrimidine nucleoside triphosphate	product	cytoplasm
R00434	1	GTP	reactant	mitochondrion
R00434	1	diphosphate	product	mitochondrion
R00434	1	3',5'-cyclic GMP	product	mitochondrion
R00513	1	ATP	reactant	cytoplasm
R00513	1	cytidine	reactant	cytoplasm
R00513	1	ADP	product	cytoplasm
R00513	1	CMP	product	cytoplasm
R00513	1	H+	product	cytoplasm
R00776	1	S-Ureidoglycolate	reactant	cytoplasm
R00776	1	glyoxylate	product	cytoplasm
R00776	1	urea	product	cytoplasm
R00236	1	coenzyme A	reactant	cytoplasm
R00236	1	Acetyl adenylate	reactant	cytoplasm
R00236	1	AMP	product	cytoplasm
R00236	1	acetyl-CoA	product	cytoplasm
R00236	1	H+	product	cytoplasm
R00927	1	acetyl-CoA	reactant	mitochondrion
R00927	1	propanoyl-CoA	reactant	mitochondrion
R00927	1	coenzyme A	product	mitochondrion
R00927	1	2-Methylacetoacetyl-CoA	product	mitochondrion
R01049	1	ATP	reactant	cytoplasm
R01049	1	D-ribose 5-phosphate	reactant	cytoplasm
R01049	1	AMP	product	cytoplasm
R01049	1	5-Phospho-alpha-D-ribose 1-diphosphate	product	cytoplasm
R01049	1	H+	product	cytoplasm
R01059	1	ATP	reactant	cytoplasm
R01059	1	D-glyceraldehyde	reactant	cytoplasm
R01059	1	ADP	product	cytoplasm
R01059	1	glyceraldehyde 3-phosphate	product	cytoplasm
R01059	1	H+	product	cytoplasm
R01175	1	FAD	reactant	peroxisome
R01175	1	H+	reactant	peroxisome
R01175	1	butanoyl-CoA	reactant	peroxisome
R01175	1	crotonoyl-CoA	product	peroxisome
R01175	1	FADH2	product	peroxisome
R01411	1	H2O	reactant	nucleus
R01411	1	H+	reactant	nucleus
R01411	1	5-Methylcytosine	reactant	nucleus
R01411	1	ammonium	product	nucleus
R01411	1	Thymine	product	nucleus
R00746	1	NADP(+)	reactant	cytoplasm
R00746	1	ethanol	reactant	cytoplasm
R00746	1	NADPH	product	cytoplasm
R00746	1	H+	product	cytoplasm
R00746	1	acetaldehyde	product	cytoplasm
R01561	1	phosphate	reactant	cytoplasm
R01561	1	adenosine	reactant	cytoplasm
R01561	1	adenine	product	cytoplasm
R01561	1	alpha-D-Ribose-1-phosphate	product	cytoplasm
R01602	1	alpha-D-Glucose	reactant	cytoplasm
R01602	1	beta-D-Glucose	product	cytoplasm
R01618	1	ATP	reactant	cytoplasm
R01618	1	5'-adenylyl sulfate	reactant	cytoplasm
R01618	1	Sulfate	product	cytoplasm
R01618	1	P1,P4-Bis(5'-adenosyl)tetraphosphate	product	cytoplasm
R01036	1	NAD	reactant	cytoplasm
R01036	1	glycerol	reactant	cytoplasm
R01036	1	NADH	product	cytoplasm
R01036	1	H+	product	cytoplasm
R01036	1	D-glyceraldehyde	product	cytoplasm
R01773	1	NAD	reactant	nucleus
R01773	1	L-homoserine	reactant	nucleus
R01773	1	NADH	product	nucleus
R01773	1	H+	product	nucleus
R01773	1	L-aspartate 4-semialdehyde	product	nucleus
R01773_2	1	NADP(+)	reactant	nucleus
R01773_2	1	L-homoserine	reactant	nucleus
R01773_2	1	NADPH	product	nucleus
R01773_2	1	H+	product	nucleus
R01773_2	1	L-aspartate 4-semialdehyde	product	nucleus
R01956	1	2-oxoglutarate	reactant	mitochondrion
R01956	1	L-kynurenine	reactant	mitochondrion
R01956	1	L-glutamate	product	mitochondrion
R01956	1	4-(2-Aminophenyl)-2,4-dioxobutanoate	product	mitochondrion
R01956_2	1	2-oxoglutarate	reactant	mitochondrion
R01956_2	1	L-kynurenine	reactant	mitochondrion
R01956_2	1	H2O	product	mitochondrion
R01956_2	1	kynurenate	product	mitochondrion
R01956_2	1	L-glutamate	product	mitochondrion
R01956_2	1	H+	product	mitochondrion
R02110	1	Amylose	reactant	cytoplasm
R02110	1	Starch	product	cytoplasm
R02124	1	NAD	reactant	cytoplasm
R02124	1	Retinol	reactant	cytoplasm
R02124	1	NADH	product	cytoplasm
R02124	1	H+	product	cytoplasm
R02124	1	Retinal	product	cytoplasm
R02124_2	1	NADP(+)	reactant	cytoplasm
R02124_2	1	S-(hydroxymethyl)glutathione	reactant	cytoplasm
R02124_2	1	H+	product	cytoplasm
R02124_2	1	NADPH	product	cytoplasm
R02124_2	1	S-formylglutathione	product	cytoplasm
R00936	1	NAD	reactant	nucleus
R00936	1	Tetrahydrofolate	reactant	nucleus
R00936	1	NADH	product	nucleus
R00936	1	H+	product	nucleus
R00936	1	Dihydrofolate	product	nucleus
R02323	1	H2O	reactant	cytoplasm
R02323	1	Nicotinamide D-ribonucleotide	reactant	cytoplasm
R02323	1	phosphate	product	cytoplasm
R02323	1	Nicotinamide-beta-riboside	product	cytoplasm
R02323	1	H+	product	cytoplasm
R02537	1	H2O	reactant	vacuole
R02537	1	NADP(+)	reactant	vacuole
R02537	1	phenylacetaldehyde	reactant	vacuole
R02537	1	NADPH	product	vacuole
R02537	2	H+	product	vacuole
R02537	1	phenylacetic acid	product	vacuole
R02565	1	H2O	reactant	mitochondrion
R02565	1	NAD	reactant	mitochondrion
R02565	1	Betaine aldehyde	reactant	mitochondrion
R02565	1	NADH	product	mitochondrion
R02565	2	H+	product	mitochondrion
R02565	1	Betaine	product	mitochondrion
R02565_2	1	H2O	reactant	mitochondrion
R02565_2	1	NADP(+)	reactant	mitochondrion
R02565_2	1	propanal	reactant	mitochondrion
R02565_2	1	H+	product	mitochondrion
R02565_2	1	NADPH	product	mitochondrion
R02565_2	1	propionate	product	mitochondrion
R02596	1	Coniferyl alcohol	reactant	mitochondrion
R02596	1	Guaiacyl lignin	product	mitochondrion
R02952	1	4-Coumarate	reactant	mitochondrion
R02952	1	carbon dioxide	product	mitochondrion
R02952	1	4-Hydroxystyrene	product	mitochondrion
R02952_2	1	dimethylallyl phosphate	reactant	mitochondrion
R02952_2	1	FMNH2	reactant	mitochondrion
R02952_2	1	phosphate	product	mitochondrion
R02952_2	1	prenyl-FMNH2	product	mitochondrion
R03098	1	ATP	reactant	cytoplasm
R03098	1	H+	reactant	cytoplasm
R03098	1	L-2-aminoadipate	reactant	cytoplasm
R03098	1	diphosphate	product	cytoplasm
R03098	1	L-2-aminoadipateadenylate	product	cytoplasm
R03409	1	H2O	reactant	cytoplasm
R03409	1	Guanosine-3'-diphosphate 5'-triphosphate	reactant	cytoplasm
R03409	1	phosphate	product	cytoplasm
R03409	1	Guanosine-3',5'-bis(diphosphate)	product	cytoplasm
R03409	1	H+	product	cytoplasm
R03681	1	UDP-D-glucose	reactant	cytoplasm
R03681	1	Glycogenin	reactant	cytoplasm
R03681	1	UDP	product	cytoplasm
R03681	1	alpha-D-Glucosylglycogenin	product	cytoplasm
R03681	1	H+	product	cytoplasm
R03681_2	1	L-tyrosine	reactant	cytoplasm
R03681_2	1	UDP-D-glucose	reactant	cytoplasm
R03681_2	1	alpha-D-glucosyl-L-tyrosine	product	cytoplasm
R03681_2	1	H+	product	cytoplasm
R03681_2	1	UDP	product	cytoplasm
R03681_2	1	H2O	product	cytoplasm
R03903	1	acetyl-CoA	reactant	cytoplasm
R03903	1	D-phenylalanine	reactant	cytoplasm
R03903	1	coenzyme A	product	cytoplasm
R03903	1	N-acetyl-D-phenylalanine	product	cytoplasm
R04378	1	diphosphate	reactant	cytoplasm
R04378	1	1-(5'-Phosphoribosyl)-5-amino-4-imidazolecarboxamide	reactant	cytoplasm
R04378	1	5-Phospho-alpha-D-ribose 1-diphosphate	product	cytoplasm
R04378	1	5-Amino-4-imidazolecarboxyamide	product	cytoplasm
R04378_2	1	AMP	reactant	cytoplasm
R04378_2	1	diphosphate	reactant	cytoplasm
R04378_2	1	5-Phospho-alpha-D-ribose 1-diphosphate	product	cytoplasm
R04378_2	1	adenine	product	cytoplasm
R04378_3	1	S-2-amino-6-oxohexanoate	reactant	cytoplasm
R04378_3	1	H2O	reactant	cytoplasm
R04378_3	1	NADP(+)	reactant	cytoplasm
R04378_3	2	H+	product	cytoplasm
R04378_3	1	L-2-aminoadipate	product	cytoplasm
R04378_3	1	NADPH	product	cytoplasm
R04936	1	H2O	reactant	cytoplasm
R04936	1	Se-Adenosyl-L-selenohomocysteine	reactant	cytoplasm
R04936	1	adenosine	product	cytoplasm
R04936	1	Selenohomocysteine	product	cytoplasm
R04941	1	H2O	reactant	cytoplasm
R04941	2	H+	reactant	cytoplasm
R04941	1	L-Selenocystathionine	reactant	cytoplasm
R04941	1	ammonium	product	cytoplasm
R04941	1	pyruvate	product	cytoplasm
R04941	1	Selenohomocysteine	product	cytoplasm
R03158	1	coenzyme A	reactant	mitochondrion
R03158	1	H+	reactant	mitochondrion
R03158	1	3-Hydroxypropanoate	reactant	mitochondrion
R03158	1	H2O	product	mitochondrion
R03158	1	3-Hydroxypropionyl-CoA	product	mitochondrion
R05085	1	2-oxoglutarate	reactant	cytoplasm
R05085	1	O-Phospho-4-hydroxy-L-threonine	reactant	cytoplasm
R05085	1	L-glutamate	product	cytoplasm
R05085	1	2-Oxo-3-hydroxy-4-phosphobutanoate	product	cytoplasm
R05799	1	ATP	reactant	cytoplasm
R05799	1	Phytic acid	reactant	cytoplasm
R05799	1	ADP	product	cytoplasm
R05799	1	1-Diphosinositol pentakisphosphate	product	cytoplasm
R06983	1	S-(hydroxymethyl)glutathione	reactant	cytoplasm
R06983	1	NAD	reactant	cytoplasm
R06983	1	NADH	product	cytoplasm
R06983	1	H+	product	cytoplasm
R06983	1	S-formylglutathione	product	cytoplasm
R07136	1	NAD	reactant	mitochondrion
R07136	1	3-Sulfolactate	reactant	mitochondrion
R07136	1	NADH	product	mitochondrion
R07136	1	H+	product	mitochondrion
R07136	1	3-Sulfopyruvate	product	mitochondrion
R07168	1	NAD	reactant	cytoplasm
R07168	1	5-methyltetrahydrofolate	reactant	cytoplasm
R07168	1	NADH	product	cytoplasm
R07168	1	H+	product	cytoplasm
R07168	1	5,10-methylenetetrahydrofolate	product	cytoplasm
R07364	1	oxygen	reactant	cytoplasm
R07364	1	1,2-Dihydroxy-5-(methylthio)pent-1-en-3-one	reactant	cytoplasm
R07364	1	formate	product	cytoplasm
R07364	1	4-Methylthio-2-oxobutanoic acid	product	cytoplasm
R07364	1	H+	product	cytoplasm
R07481	1	S-adenosyl-L-methionine	reactant	mitochondrion
R07481	1	Cycloartenol	reactant	mitochondrion
R07481	1	S-adenosyl-L-homocysteine	product	mitochondrion
R07481	1	24-Methylenecycloartanol	product	mitochondrion
R07481	1	H+	product	mitochondrion
R07494	1	NADP(+)	reactant	endoplasmic reticulum
R07494	1	4alpha-Methylzymosterol-4-carboxylate	reactant	endoplasmic reticulum
R07494	1	NADPH	product	endoplasmic reticulum
R07494	1	carbon dioxide	product	endoplasmic reticulum
R07494	1	3-Keto-4-methylzymosterol	product	endoplasmic reticulum
R08231	1	5-Phospho-alpha-D-ribose 1-diphosphate	reactant	cytoplasm
R08231	1	5-FU	reactant	cytoplasm
R08231	2	H+	reactant	cytoplasm
R08231	1	diphosphate	product	cytoplasm
R08231	1	5-Fluorouridine phosphate	product	cytoplasm
R08240	1	H2O	reactant	cytoplasm
R08240	1	NAD	reactant	cytoplasm
R08240	1	6-Thioinosine-5'-phosphate	reactant	cytoplasm
R08240	1	NADH	product	cytoplasm
R08240	1	H+	product	cytoplasm
R08240	1	6-Thioxanthine 5'-phosphate	product	cytoplasm
R08359	1	S-adenosylmethioninamine	reactant	cytoplasm
R08359	1	Cadaverine	reactant	cytoplasm
R08359	1	5'-Methylthioadenosine	product	cytoplasm
R08359	1	Aminopropylcadaverine	product	cytoplasm
R08359	1	H+	product	cytoplasm
R08383	1	NADP(+)	reactant	cytoplasm
R08383	1	9-cis-Retinol	reactant	cytoplasm
R08383	1	NADPH	product	cytoplasm
R08383	1	H+	product	cytoplasm
R08383	1	9-cis-Retinal	product	cytoplasm
R09365	1	5-Methyltetrahydropteroyltri-L-glutamate	reactant	cytoplasm
R09365	1	Selenohomocysteine	reactant	cytoplasm
R09365	1	Tetrahydropteroyltri-L-glutamate	product	cytoplasm
R09365	1	L-Selenomethionine	product	cytoplasm
R09375	1	NADH	reactant	cytoplasm
R09375	1	H+	reactant	cytoplasm
R09375	1	2,5-Diamino-6-(5-phospho-D-ribosylamino)pyrimidin-4(3H)-one	reactant	cytoplasm
R09375	1	NAD	product	cytoplasm
R09375	1	2,5-Diamino-6-(5-phospho-D-ribitylamino)pyrimidin-4(3H)-one	product	cytoplasm
R10052	1	NAD	reactant	cytoplasm
R10052	1	(2R,3S)-3-isopropylmalate	reactant	cytoplasm
R10052	1	NADH	product	cytoplasm
R10052	1	carbon dioxide	product	cytoplasm
R10052	1	4-methyl-2-oxopentanoate	product	cytoplasm
R10170	1	alpha-isopropylmalate	reactant	cytoplasm
R10170	1	(2R,3S)-3-isopropylmalate	product	cytoplasm
R10455	1	S-adenosyl-L-methionine	reactant	cytoplasm
R10455	1	L-Histidine-[translation elongation factor 2]	reactant	cytoplasm
R10455	1	5'-Methylthioadenosine	product	cytoplasm
R10455	1	Peptide 2-(3-carboxy-3-aminopropyl)-L-histidine	product	cytoplasm
R10455	2	H+	product	cytoplasm
R10712	1	4-Amino-5-hydroxymethyl-2-methylpyrimidine diphosphate	reactant	cytoplasm
R10712	2	H+	reactant	cytoplasm
R10712	1	2-(2-Carboxy-4-methylthiazol-5-yl)ethyl phosphate	reactant	cytoplasm
R10712	1	carbon dioxide	product	cytoplasm
R10712	1	diphosphate	product	cytoplasm
R10712	1	Thiamin phosphate	product	cytoplasm
R11166	1	H2O	reactant	cytoplasm
R11166	1	Peptide diphthine methyl ester	reactant	cytoplasm
R11166	1	methanol	product	cytoplasm
R11166	1	Peptide diphthine	product	cytoplasm
R11225	1	FMNH2	reactant	mitochondrion
R11225	1	Dimethylallyl phosphate	reactant	mitochondrion
R11225	1	phosphate	product	mitochondrion
R11225	1	Prenylated FMNH2	product	mitochondrion
R11593	1	pyruvate	reactant	mitochondrion
R11593	1	2-hydroxyglutarate	reactant	mitochondrion
R11593	1	2-oxoglutarate	product	mitochondrion
R11593	1	(R)-lactate	product	mitochondrion
R12085	1	acetyl-CoA	reactant	nucleus
R12085	1	L-glutamic 5-semialdehyde	reactant	nucleus
R12085	1	coenzyme A	product	nucleus
R12085	1	N-acetyl-L-glutamic 5-semialdehyde	product	nucleus
R00590	1	L-serine	reactant	mitochondrion
R00590	1	H2O	product	mitochondrion
R00590	1	Dehydroalanine	product	mitochondrion
HYDROXYBENZALDEHYDE-OXIDATION-NAD-RXN	1	4-hydroxybenzaldehyde	reactant	mitochondrion
HYDROXYBENZALDEHYDE-OXIDATION-NAD-RXN	1	NAD	reactant	mitochondrion
HYDROXYBENZALDEHYDE-OXIDATION-NAD-RXN	1	H2O	reactant	mitochondrion
HYDROXYBENZALDEHYDE-OXIDATION-NAD-RXN	1	4-hydroxybenzoate	product	mitochondrion
HYDROXYBENZALDEHYDE-OXIDATION-NAD-RXN	1	NADH	product	mitochondrion
HYDROXYBENZALDEHYDE-OXIDATION-NAD-RXN	2	H+	product	mitochondrion
RXN0-361	1	cytidine	reactant	cytoplasm
RXN0-361	1	H2O	reactant	cytoplasm
RXN0-361	1	cytosine	product	cytoplasm
RXN0-361	1	D-Ribofuranose	product	cytoplasm
RXN0-361	1	cytidine	reactant	nucleus
RXN0-361	1	H2O	reactant	nucleus
RXN0-361	1	cytosine	product	nucleus
RXN0-361	1	D-Ribofuranose	product	nucleus
ASNSYNA-RXN	1	ammonium	reactant	cytoplasm
ASNSYNA-RXN	1	ATP	reactant	cytoplasm
ASNSYNA-RXN	1	L-aspartate	reactant	cytoplasm
ASNSYNA-RXN	1	AMP	product	cytoplasm
ASNSYNA-RXN	1	L-asparagine	product	cytoplasm
ASNSYNA-RXN	1	diphosphate	product	cytoplasm
ASNSYNA-RXN	1	H+	product	cytoplasm
RXN-8617	1	farnesyl diphosphate	reactant	vacuole
RXN-8617	1	H2O	reactant	vacuole
RXN-8617	1	farnesol	product	vacuole
RXN-8617	1	diphosphate	product	vacuole
1.5.1.9-RXN	1	NAD	reactant	cytoplasm
1.5.1.9-RXN	1	L-saccharopine	reactant	cytoplasm
1.5.1.9-RXN	1	H2O	reactant	cytoplasm
1.5.1.9-RXN	1	S-2-amino-6-oxohexanoate	product	cytoplasm
1.5.1.9-RXN	1	L-glutamate	product	cytoplasm
1.5.1.9-RXN	1	NADH	product	cytoplasm
1.5.1.9-RXN	1	H+	product	cytoplasm
1.5.1.8-RXN	1	2-oxoglutarate	reactant	cytoplasm
1.5.1.8-RXN	1	L-lysine	reactant	cytoplasm
1.5.1.8-RXN	1	NADPH	reactant	cytoplasm
1.5.1.8-RXN	1	H+	reactant	cytoplasm
1.5.1.8-RXN	1	NADP(+)	product	cytoplasm
1.5.1.8-RXN	1	L-saccharopine	product	cytoplasm
1.5.1.8-RXN	1	H2O	product	cytoplasm
RXN3O-102	1	3-demethylubiquinol-6	reactant	mitochondrion
RXN3O-102	1	S-adenosyl-L-methionine	reactant	mitochondrion
RXN3O-102	1	S-adenosyl-L-homocysteine	product	mitochondrion
RXN3O-102	1	H+	product	mitochondrion
RXN3O-102	1	ubiquinol-6	product	mitochondrion
RXN-14686	1	2,5-hexanedione	reactant	cytoplasm
RXN-14686	2	NADPH	reactant	cytoplasm
RXN-14686	2	H+	reactant	cytoplasm
RXN-14686	1	hexanediol	product	cytoplasm
RXN-14686	2	NADP(+)	product	cytoplasm
D-RIBULOKIN-RXN	1	ATP	reactant	cytoplasm
D-RIBULOKIN-RXN	1	D-ribulose	reactant	cytoplasm
D-RIBULOKIN-RXN	1	ADP	product	cytoplasm
D-RIBULOKIN-RXN	1	H+	product	cytoplasm
D-RIBULOKIN-RXN	1	D-ribulose 5-phosphate	product	cytoplasm
4.2.1.93-RXN	1	ATP	reactant	cytoplasm
4.2.1.93-RXN	1	NADHX	reactant	cytoplasm
4.2.1.93-RXN	1	ADP	product	cytoplasm
4.2.1.93-RXN	1	NADH	product	cytoplasm
4.2.1.93-RXN	1	H+	product	cytoplasm
4.2.1.93-RXN	1	phosphate	product	cytoplasm
RXN-12532	1	S-Substituted-Glutathione	reactant	vacuole
RXN-12532	1	H2O	reactant	vacuole
RXN-12532	1	L-glycine	product	vacuole
RXN-12532	1	S-Substituted-Glutamyl-Cysteine	product	vacuole
2OXOGLUTARATEDEH-RXN	1	2-oxoglutarate	reactant	mitochondrion
2OXOGLUTARATEDEH-RXN	1	coenzyme A	reactant	mitochondrion
2OXOGLUTARATEDEH-RXN	1	NAD	reactant	mitochondrion
2OXOGLUTARATEDEH-RXN	1	carbon dioxide	product	mitochondrion
2OXOGLUTARATEDEH-RXN	1	NADH	product	mitochondrion
2OXOGLUTARATEDEH-RXN	1	succinyl-CoA	product	mitochondrion
RXN-7643	1	3-methyl-2-oxobutanoate	reactant	cytoplasm
RXN-7643	1	H+	reactant	cytoplasm
RXN-7643	1	carbon dioxide	product	cytoplasm
RXN-7643	1	isobutanal	product	cytoplasm
RXN-7643_2	1	3-phenylpyruvate	reactant	cytoplasm
RXN-7643_2	1	H+	reactant	cytoplasm
RXN-7643_2	1	2-phenylacetaldehyde	product	cytoplasm
RXN-7643_2	1	carbon dioxide	product	cytoplasm
RXN-7643_3	1	2-oxopentanoate	reactant	cytoplasm
RXN-7643_3	1	H+	reactant	cytoplasm
RXN-7643_3	1	butanal	product	cytoplasm
RXN-7643_3	1	carbon dioxide	product	cytoplasm
2.4.1.141-RXN	1	CPD-190	reactant	endoplasmic reticulum
2.4.1.141-RXN	1	UDP-N-acetyl-alpha-D-glucosamine	reactant	endoplasmic reticulum
2.4.1.141-RXN	1	N,N'-diacetylchitobiosyldiphosphodolichol	product	endoplasmic reticulum
2.4.1.141-RXN	1	H+	product	endoplasmic reticulum
2.4.1.141-RXN	1	UDP	product	endoplasmic reticulum
RXN4FS-2	1	CPD-160	reactant	mitochondrion
RXN4FS-2	1	S-adenosyl-L-methionine	reactant	mitochondrion
RXN4FS-2	1	S-adenosyl-L-homocysteine	product	mitochondrion
RXN4FS-2	1	phosphatidylcholine	product	mitochondrion
RXN4FS-2	1	H+	product	mitochondrion
R00316	1	ATP	reactant	cytoplasm
R00316	1	H+	reactant	cytoplasm
R00316	1	acetate	reactant	cytoplasm
R00316	1	diphosphate	product	cytoplasm
R00316	1	Acetyl adenylate	product	cytoplasm
R00516	1	UTP	reactant	cytoplasm
R00516	1	cytidine	reactant	cytoplasm
R00516	1	UDP	product	cytoplasm
R00516	1	CMP	product	cytoplasm
R00516	1	H+	product	cytoplasm
R00708	2	H2O	reactant	mitochondrion
R00708	1	NADP(+)	reactant	mitochondrion
R00708	1	1-Pyrroline-5-carboxylate	reactant	mitochondrion
R00708	1	NADPH	product	mitochondrion
R00708	1	L-glutamate	product	mitochondrion
R00708	1	H+	product	mitochondrion
R00727	1	coenzyme A	reactant	cytoplasm
R00727	1	succinate	reactant	cytoplasm
R00727	1	ITP	reactant	cytoplasm
R00727	1	phosphate	product	cytoplasm
R00727	1	succinyl-CoA	product	cytoplasm
R00727	1	IDP	product	cytoplasm
R01093	1	NADH	reactant	cytoplasm
R01093	1	H+	reactant	cytoplasm
R01093	1	D-galactose	reactant	cytoplasm
R01093	1	NAD	product	cytoplasm
R01093	1	Galactitol	product	cytoplasm
R01138	1	pyruvate	reactant	cytoplasm
R01138	1	dATP	reactant	cytoplasm
R01138	1	phosphoenolpyruvate	product	cytoplasm
R01138	1	H+	product	cytoplasm
R01138	1	dADP	product	cytoplasm
R01279	1	FAD	reactant	peroxisome
R01279	1	H+	reactant	peroxisome
R01279	1	palmitoyl-CoA	reactant	peroxisome
R01279	1	FADH2	product	peroxisome
R01279	1	trans-hexadec-2-enoyl-CoA	product	peroxisome
R01481	1	NADP(+)	reactant	cytoplasm
R01481	1	L-Gulonate	reactant	cytoplasm
R01481	1	NADPH	product	cytoplasm
R01481	1	H+	product	cytoplasm
R01481	1	D-Glucuronate	product	cytoplasm
R01899	1	NADP(+)	reactant	mitochondrion
R01899	1	isocitrate	reactant	mitochondrion
R01899	1	NADPH	product	mitochondrion
R01899	1	H+	product	mitochondrion
R01899	1	Oxalosuccinate	product	mitochondrion
R01933	1	NAD	reactant	mitochondrion
R01933	1	coenzyme A	reactant	mitochondrion
R01933	1	2-Oxoadipate	reactant	mitochondrion
R01933	1	NADH	product	mitochondrion
R01933	1	carbon dioxide	product	mitochondrion
R01933	1	Glutaryl-CoA	product	mitochondrion
R01969	1	phosphate	reactant	cytoplasm
R01969	1	2'-deoxyguanosine	reactant	cytoplasm
R01969	1	Guacnine	product	cytoplasm
R01969	1	2-Deoxy-D-ribose 1-phosphate	product	cytoplasm
R02095	1	H2O	reactant	Golgi
R02095	1	dTTP	reactant	Golgi
R02095	1	phosphate	product	Golgi
R02095	1	dTDP	product	Golgi
R02095	1	H+	product	Golgi
R02466	1	3-sulfino-L-alanine	reactant	cytoplasm
R02466	1	H+	reactant	cytoplasm
R02466	1	carbon dioxide	product	cytoplasm
R02466	1	hypotaurine	product	cytoplasm
R02566	1	H2O	reactant	mitochondrion
R02566	1	NADP(+)	reactant	mitochondrion
R02566	1	Betaine aldehyde	reactant	mitochondrion
R02566	1	NADPH	product	mitochondrion
R02566	2	H+	product	mitochondrion
R02566	1	Betaine	product	mitochondrion
R02909	1	oxygen	reactant	cytoplasm
R02909	1	Serotonin	reactant	cytoplasm
R02909	1	Formyl-5-hydroxykynurenamine	product	cytoplasm
R02912	1	5-methyltetrahydrofolate	reactant	cytoplasm
R02912	1	Serotonin	reactant	cytoplasm
R02912	1	Tetrahydrofolate	product	cytoplasm
R02912	1	5-Methoxytryptamine	product	cytoplasm
R03004	1	H2O	reactant	cytoplasm
R03004	1	Deamino-NAD(+)	reactant	cytoplasm
R03004	1	AMP	product	cytoplasm
R03004	2	H+	product	cytoplasm
R03004	1	Nicotinate D-ribonucleotide	product	cytoplasm
R03237	1	CTP	reactant	cytoplasm
R03237	1	H+	reactant	cytoplasm
R03237	1	D-Tagatose 6-phosphate	reactant	cytoplasm
R03237	1	CDP	product	cytoplasm
R03237	1	D-Tagatose 1,6-bisphosphate	product	cytoplasm
R03291	1	NAD	reactant	cytoplasm
R03291	1	trans-4-hydroxy-L-proline	reactant	cytoplasm
R03291	1	NADH	product	cytoplasm
R03291	2	H+	product	cytoplasm
R03291	1	1-pyrroline-3-hydroxy-5-carboxylic acid	product	cytoplasm
R03346	1	H2O	reactant	cytoplasm
R03346	1	Nicotinate D-ribonucleotide	reactant	cytoplasm
R03346	1	phosphate	product	cytoplasm
R03346	1	Nicotinate D-ribonucleoside	product	cytoplasm
R03367	1	Caffeate	reactant	mitochondrion
R03367	1	carbon dioxide	product	mitochondrion
R03367	1	3,4-Dihydroxystyrene	product	mitochondrion
R03776	1	NADP(+)	reactant	mitochondrion
R03776	1	octanoyl-CoA	reactant	mitochondrion
R03776	1	NADPH	product	mitochondrion
R03776	1	H+	product	mitochondrion
R03776	1	trans-oct-2-enoyl-CoA	product	mitochondrion
R03921	1	H2O	reactant	cytoplasm
R03921	1	Sucrose 6-phosphate	reactant	cytoplasm
R03921	1	D-glucose 6-phosphate	product	cytoplasm
R03921	1	D-fructose	product	cytoplasm
R04171	1	2-oxoglutarate	reactant	cytoplasm
R04171	1	3-hydroxy-L-kynurenine	reactant	cytoplasm
R04171	1	L-glutamate	product	cytoplasm
R04171	1	4-(2-Amino-3-hydroxyphenyl)-2,4-dioxobutanoate	product	cytoplasm
R04672	1	Thiamin diphosphate	reactant	mitochondrion
R04672	1	(2S)-2-acetolactate	reactant	mitochondrion
R04672	1	pyruvate	product	mitochondrion
R04672	1	2-(alpha-Hydroxyethyl)thiamine diphosphate	product	mitochondrion
R04942	1	L-serine	reactant	cytoplasm
R04942	1	Selenohomocysteine	reactant	cytoplasm
R04942	1	H2O	product	cytoplasm
R04942	2	H+	product	cytoplasm
R04942	1	L-Selenocystathionine	product	cytoplasm
R04944	1	L-Selenocysteine	reactant	cytoplasm
R04944	1	O-Phosphorylhomoserine	reactant	cytoplasm
R04944	1	phosphate	product	cytoplasm
R04944	1	L-Selenocystathionine	product	cytoplasm
R05064	1	H2O	reactant	mitochondrion
R05064	1	3-Hydroxyisobutyryl-CoA	reactant	mitochondrion
R05064	1	coenzyme A	product	mitochondrion
R05064	1	3-Hydroxyisobutyrate	product	mitochondrion
R05064	1	H+	product	mitochondrion
R08244	1	H2O	reactant	cytoplasm
R08244	1	ATP	reactant	cytoplasm
R08244	1	L-glutamine	reactant	cytoplasm
R08244	1	6-Thioxanthine 5'-phosphate	reactant	cytoplasm
R08244	1	diphosphate	product	cytoplasm
R08244	1	AMP	product	cytoplasm
R08244	1	L-glutamate	product	cytoplasm
R08244	1	6-Thioguanosine phosphate	product	cytoplasm
R08244	2	H+	product	cytoplasm
R09372	2	NADPH	reactant	cytoplasm
R09372	2	H+	reactant	cytoplasm
R09372	1	Methylselenic acid	reactant	cytoplasm
R09372	2	H2O	product	cytoplasm
R09372	2	NADP(+)	product	cytoplasm
R09372	1	Methaneselenol	product	cytoplasm
R10504	1	NAD	reactant	cytoplasm
R10504	1	meso-2,3-Butanediol	reactant	cytoplasm
R10504	1	NADH	product	cytoplasm
R10504	1	H+	product	cytoplasm
R10504	1	Acetoin	product	cytoplasm
R10949	1	ammonium	reactant	cytoplasm
R10949	1	Carboxyphosphate	reactant	cytoplasm
R10949	1	phosphate	product	cytoplasm
R10949	1	Carbamate	product	cytoplasm
R10949	2	H+	product	cytoplasm
R11892	1	ATP	reactant	cytoplasm
R11892	1	5-Fluorodeoxyuridine phosphate	reactant	cytoplasm
R11892	1	ADP	product	cytoplasm
R11892	1	5-Fluorodeoxyuridine diphosphate	product	cytoplasm
R11894	1	ATP	reactant	cytoplasm
R11894	1	5-Fluorouridine diphosphate	reactant	cytoplasm
R11894	1	ADP	product	cytoplasm
R11894	1	5-Fluorouridine triphosphate	product	cytoplasm
RXN-15776	1	Diphthine-methyl-ester-EF2	reactant	cytoplasm
RXN-15776	1	H2O	reactant	cytoplasm
RXN-15776	1	diphthine	product	cytoplasm
RXN-15776	1	methanol	product	cytoplasm
RXN-15776	1	H+	product	cytoplasm
RXN-14197	1	5-methylcytosine	reactant	cytoplasm
RXN-14197	1	H+	reactant	cytoplasm
RXN-14197	1	H2O	reactant	cytoplasm
RXN-14197	1	ammonium	product	cytoplasm
RXN-14197	1	thymine	product	cytoplasm
RXN-8441	1	1-(beta-D ribofuranosyl)nicotinamide	reactant	cytoplasm
RXN-8441	1	H2O	reactant	cytoplasm
RXN-8441	1	D-Ribofuranose	product	cytoplasm
RXN-8441	1	nicotinamide	product	cytoplasm
RXN-8441	1	H+	product	cytoplasm
RXN0-1133	1	coenzyme A	reactant	mitochondrion
RXN0-1133	1	pyruvate-dehydrogenase-acetylDHlipoyl	reactant	mitochondrion
RXN0-1133	1	acetyl-CoA	product	mitochondrion
RXN0-1133	1	pyruvate-dehydrogenase-dihydrolipoate	product	mitochondrion
RXN0-1147	1	N6-dihydrolipoyl-L-lysine	reactant	mitochondrion
RXN0-1147	1	succinyl-CoA	reactant	mitochondrion
RXN0-1147	1	coenzyme A	product	mitochondrion
RXN0-1147	1	N6-S-succinyldihydrolipoyl-L-lysine	product	mitochondrion
RXN-6763	1	S-Substituted-L-Cysteines	reactant	cytoplasm
RXN-6763	1	H2O	reactant	cytoplasm
RXN-6763	1	ammonium	product	cytoplasm
RXN-6763	1	pyruvate	product	cytoplasm
RXN-6763	1	Thiols	product	cytoplasm
RXN-5466	1	CPD-171	reactant	endoplasmic reticulum
RXN-5466	1	CPD-5164	reactant	endoplasmic reticulum
RXN-5466	1	CPD-5165	product	endoplasmic reticulum
RXN-5466	1	dolichyl phosphate	product	endoplasmic reticulum
RXN-5466	1	H+	product	endoplasmic reticulum
2.1.1.71-RXN	1	CPD-405	reactant	endoplasmic reticulum
2.1.1.71-RXN	1	S-adenosyl-L-methionine	reactant	endoplasmic reticulum
2.1.1.71-RXN	1	S-adenosyl-L-homocysteine	product	endoplasmic reticulum
2.1.1.71-RXN	1	CPD-160	product	endoplasmic reticulum
2.1.1.71-RXN	1	H+	product	endoplasmic reticulum
RXN-11371	1	S-adenosyl-L-methionine	reactant	cytoplasm
RXN-11371	1	L-Histidine-[translation elongation factor 2]	reactant	cytoplasm
RXN-11371	1	2-[(3S)-3-amino-3-carboxypropyl]-L-histidine	product	cytoplasm
RXN-11371	1	5'-S-methyl-5'-thioadenosine	product	cytoplasm
RXN-11371	2	H+	product	cytoplasm
RXN-10642	1	uroporphyrinogen-I	reactant	cytoplasm
RXN-10642	4	H+	reactant	cytoplasm
RXN-10642	4	carbon dioxide	product	cytoplasm
RXN-10642	1	coproporphyrinogen I	product	cytoplasm
UREIDOGLYCOLATE-LYASE-RXN	1	ureidoglycolic acid	reactant	cytoplasm
UREIDOGLYCOLATE-LYASE-RXN	1	glyoxylate	product	cytoplasm
UREIDOGLYCOLATE-LYASE-RXN	1	urea	product	cytoplasm
R147-RXN	1	1,2-dihydroxy-5-(methylsulfanyl)pent-1-en-3-one	reactant	cytoplasm
R147-RXN	1	oxygen	reactant	cytoplasm
R147-RXN	1	4-(methylsulfanyl)-2-oxobutanoate	product	cytoplasm
R147-RXN	1	formate	product	cytoplasm
R147-RXN	1	H+	product	cytoplasm
RXN-16937	1	dimethylallyl phosphate	reactant	mitochondrion
RXN-16937	1	FMNH2	reactant	mitochondrion
RXN-16937	1	prenylated FMNH2	product	mitochondrion
RXN-16937	1	phosphate	product	mitochondrion
R00940	2	NADP(+)	reactant	nucleus
R00940	1	Tetrahydrofolate	reactant	nucleus
R00940	2	NADPH	product	nucleus
R00940	2	H+	product	nucleus
R00940	1	folate	product	nucleus
R00962	1	ITP	reactant	cytoplasm
R00962	1	cytidine	reactant	cytoplasm
R00962	1	CMP	product	cytoplasm
R00962	1	IDP	product	cytoplasm
R00962	1	H+	product	cytoplasm
R01095	1	NADPH	reactant	cytoplasm
R01095	1	H+	reactant	cytoplasm
R01095	1	D-Galactose	reactant	cytoplasm
R01095	1	NADP(+)	product	cytoplasm
R01095	1	Galactitol	product	cytoplasm
R01858	1	pyruvate	reactant	cytoplasm
R01858	1	dGTP	reactant	cytoplasm
R01858	1	phosphoenolpyruvate	product	cytoplasm
R01858	1	dGDP	product	cytoplasm
R01858	1	H+	product	cytoplasm
R02619	1	2-oxoglutarate	reactant	cytoplasm
R02619	1	3-sulfino-L-alanine	reactant	cytoplasm
R02619	1	L-glutamate	product	cytoplasm
R02619	1	3-Sulfinylpyruvate	product	cytoplasm
R03628	1	oxygen	reactant	cytoplasm
R03628	1	Melatonin	reactant	cytoplasm
R03628	1	Formyl-N-acetyl-5-methoxykynurenamine	product	cytoplasm
R03777	1	FAD	reactant	peroxisome
R03777	1	H+	reactant	peroxisome
R03777	1	octanoyl-CoA	reactant	peroxisome
R03777	1	FADH2	product	peroxisome
R03777	1	trans-oct-2-enoyl-CoA	product	peroxisome
R03856	1	NADP(+)	reactant	mitochondrion
R03856	1	lauroyl-CoA	reactant	mitochondrion
R03856	1	NADPH	product	mitochondrion
R03856	1	H+	product	mitochondrion
R03856	1	2-trans-Dodecenoyl-CoA	product	mitochondrion
R04007	1	4-Coumaryl alcohol	reactant	mitochondrion
R04007	1	p-Hydroxyphenyl lignin	product	mitochondrion
R04445	2	H2O	reactant	mitochondrion
R04445	1	NADP(+)	reactant	mitochondrion
R04445	1	L-1-Pyrroline-3-hydroxy-5-carboxylate	reactant	mitochondrion
R04445	1	NADPH	product	mitochondrion
R04445	2	H+	product	mitochondrion
R04445	1	erythro-4-hydroxy-L-glutamic acid	product	mitochondrion
R04770	1	H2O	reactant	cytoplasm
R04770	1	L-Selenomethionine	reactant	cytoplasm
R04770	1	ammonium	product	cytoplasm
R04770	1	2-oxobutanoate	product	cytoplasm
R04770	1	Methaneselenol	product	cytoplasm
R04945	1	O-acetyl-L-homoserine	reactant	cytoplasm
R04945	1	L-Selenocysteine	reactant	cytoplasm
R04945	1	acetate	product	cytoplasm
R04945	1	L-Selenocystathionine	product	cytoplasm
R04945	2	H+	product	cytoplasm
R05231	1	NADP(+)	reactant	cytoplasm
R05231	1	6-Hydroxyhexanoic acid	reactant	cytoplasm
R05231	1	NADPH	product	cytoplasm
R05231	1	H+	product	cytoplasm
R05231	1	Adipate semialdehyde	product	cytoplasm
R05233	1	NAD	reactant	cytoplasm
R05233	1	trans-3-Chloro-2-propene-1-ol	reactant	cytoplasm
R05233	1	NADH	product	cytoplasm
R05233	1	H+	product	cytoplasm
R05233	1	trans-3-Chloroallyl aldehyde	product	cytoplasm
R11895	1	ATP	reactant	cytoplasm
R11895	1	5-Fluorodeoxyuridine diphosphate	reactant	cytoplasm
R11895	1	ADP	product	cytoplasm
R11895	1	5-Fluorodeoxyuridine triphosphate	product	cytoplasm
F16ALDOLASE-RXN	1	D-fructose 1,6-bisphosphate	reactant	cytoplasm
F16ALDOLASE-RXN	1	glycerone phosphate	product	cytoplasm
F16ALDOLASE-RXN	1	glyceraldehyde 3-phosphate	product	cytoplasm
RXN-14802	1	hydroxy-5-trans-dodecenoyl-CoA	reactant	peroxisome
RXN-14802	1	NAD	reactant	peroxisome
RXN-14802	1	3-oxo-dodec-5-enoyl-CoA	product	peroxisome
RXN-14802	1	NADH	product	peroxisome
RXN-14802	1	H+	product	peroxisome
RXN-803	1	trans-cinnamate	reactant	cytoplasm
RXN-803	1	H+	reactant	cytoplasm
RXN-803	1	carbon dioxide	product	cytoplasm
RXN-803	1	styrene	product	cytoplasm
RXN-6641	1	S-Substituted-Glutathione	reactant	vacuole
RXN-6641	1	H2O	reactant	vacuole
RXN-6641	1	L-cysteinylglycine-S-conjugate	product	vacuole
RXN-6641	1	L-glutamate	product	vacuole
RXN-17884	1	NADH	reactant	cytoplasm
RXN-17884	1	H+	reactant	cytoplasm
RXN-17884	1	S-nitrosoglutathione	reactant	cytoplasm
RXN-17884	1	S-(hydroxysulfenamide)glutathione	product	cytoplasm
RXN-17884	1	NAD	product	cytoplasm
PYRROLINECARBREDUCT-RXN	1	1-Pyrroline-5-carboxylate	reactant	cytoplasm
PYRROLINECARBREDUCT-RXN	1	NADPH	reactant	cytoplasm
PYRROLINECARBREDUCT-RXN	2	H+	reactant	cytoplasm
PYRROLINECARBREDUCT-RXN	1	NADP(+)	product	cytoplasm
PYRROLINECARBREDUCT-RXN	1	L-proline	product	cytoplasm
PYRROLINECARBREDUCT-RXN_2	1	1-Pyrroline-5-carboxylate	reactant	cytoplasm
PYRROLINECARBREDUCT-RXN_2	1	NADH	reactant	cytoplasm
PYRROLINECARBREDUCT-RXN_2	2	H+	reactant	cytoplasm
PYRROLINECARBREDUCT-RXN_2	1	NAD	product	cytoplasm
PYRROLINECARBREDUCT-RXN_2	1	L-proline	product	cytoplasm
R00139_m	1	ATP	reactant	mitochondrion
R00139_m	1	2'-Deoxy-5-hydroxymethylcytidine-5'-diphosphate	reactant	mitochondrion
R00139_m	1	ADP	product	mitochondrion
R00139_m	1	2'-Deoxy-5-hydroxymethylcytidine-5'-triphosphate	product	mitochondrion
R00160_n	1	H2O	reactant	nucleus
R00160_n	1	FAD	reactant	nucleus
R00160_n	1	AMP	product	nucleus
R00160_n	1	FMN	product	nucleus
R00160_n	2	H+	product	nucleus
R00187_n	1	H2O	reactant	nucleus
R00187_n	1	P1,P3-Bis(5'-adenosyl) triphosphate	reactant	nucleus
R00187_n	1	ADP	product	nucleus
R00187_n	1	AMP	product	nucleus
R00187_n	2	H+	product	nucleus
R00428_n	1	H2O	reactant	nucleus
R00428_n	1	GTP	reactant	nucleus
R00428_n	1	H+	reactant	nucleus
R00428_n	1	Formamidopyrimidine nucleoside triphosphate	product	nucleus
R00434_n	1	GTP	reactant	nucleus
R00434_n	1	diphosphate	product	nucleus
R00434_n	1	3',5'-cyclic GMP	product	nucleus
R00434_c	1	GTP	reactant	cytoplasm
R00434_c	1	diphosphate	product	cytoplasm
R00434_c	1	3',5'-cyclic GMP	product	cytoplasm
R00513_n	1	ATP	reactant	nucleus
R00513_n	1	cytidine	reactant	nucleus
R00513_n	1	ADP	product	nucleus
R00513_n	1	CMP	product	nucleus
R00513_n	1	H+	product	nucleus
R00236_n	1	coenzyme A	reactant	nucleus
R00236_n	1	Acetyl adenylate	reactant	nucleus
R00236_n	1	AMP	product	nucleus
R00236_n	1	acetyl-CoA	product	nucleus
R00236_n	1	H+	product	nucleus
R00927_p	1	acetyl-CoA	reactant	peroxisome
R00927_p	1	propanoyl-CoA	reactant	peroxisome
R00927_p	1	coenzyme A	product	peroxisome
R00927_p	1	2-Methylacetoacetyl-CoA	product	peroxisome
R01411_c	1	H2O	reactant	cytoplasm
R01411_c	1	H+	reactant	cytoplasm
R01411_c	1	5-Methylcytosine	reactant	cytoplasm
R01411_c	1	ammonium	product	cytoplasm
R01411_c	1	Thymine	product	cytoplasm
R00746_n	1	NADP(+)	reactant	nucleus
R00746_n	1	ethanol	reactant	nucleus
R00746_n	1	NADPH	product	nucleus
R00746_n	1	H+	product	nucleus
R00746_n	1	acetaldehyde	product	nucleus
R01618_n	1	ATP	reactant	nucleus
R01618_n	1	5'-adenylyl sulfate	reactant	nucleus
R01618_n	1	Sulfate	product	nucleus
R01618_n	1	P1,P4-Bis(5'-adenosyl)tetraphosphate	product	nucleus
R01773_c	1	NAD	reactant	cytoplasm
R01773_c	1	L-homoserine	reactant	cytoplasm
R01773_c	1	NADH	product	cytoplasm
R01773_c	1	H+	product	cytoplasm
R01773_c	1	L-aspartate 4-semialdehyde	product	cytoplasm
R01773_2c	1	NADP(+)	reactant	cytoplasm
R01773_2c	1	L-homoserine	reactant	cytoplasm
R01773_2c	1	NADPH	product	cytoplasm
R01773_2c	1	H+	product	cytoplasm
R01773_2c	1	L-aspartate 4-semialdehyde	product	cytoplasm
R01956_c	1	2-oxoglutarate	reactant	cytoplasm
R01956_c	1	L-kynurenine	reactant	cytoplasm
R01956_c	1	L-glutamate	product	cytoplasm
R01956_c	1	4-(2-Aminophenyl)-2,4-dioxobutanoate	product	cytoplasm
R01956_2c	1	2-oxoglutarate	reactant	cytoplasm
R01956_2c	1	L-kynurenine	reactant	cytoplasm
R01956_2c	1	H2O	product	cytoplasm
R01956_2c	1	kynurenate	product	cytoplasm
R01956_2c	1	L-glutamate	product	cytoplasm
R01956_2c	1	H+	product	cytoplasm
R02124_m	1	NAD	reactant	mitochondrion
R02124_m	1	Retinol	reactant	mitochondrion
R02124_m	1	NADH	product	mitochondrion
R02124_m	1	H+	product	mitochondrion
R02124_m	1	Retinal	product	mitochondrion
R02124_2m	1	NADP(+)	reactant	mitochondrion
R02124_2m	1	S-(hydroxymethyl)glutathione	reactant	mitochondrion
R02124_2m	1	H+	product	mitochondrion
R02124_2m	1	NADPH	product	mitochondrion
R02124_2m	1	S-formylglutathione	product	mitochondrion
R02537_c	1	H2O	reactant	cytoplasm
R02537_c	1	NADP(+)	reactant	cytoplasm
R02537_c	1	phenylacetaldehyde	reactant	cytoplasm
R02537_c	1	NADPH	product	cytoplasm
R02537_c	2	H+	product	cytoplasm
R02537_c	1	phenylacetic acid	product	cytoplasm
R03903_n	1	acetyl-CoA	reactant	nucleus
R03903_n	1	D-phenylalanine	reactant	nucleus
R03903_n	1	coenzyme A	product	nucleus
R03903_n	1	N-acetyl-D-phenylalanine	product	nucleus
R04378_n	1	diphosphate	reactant	nucleus
R04378_n	1	1-(5'-Phosphoribosyl)-5-amino-4-imidazolecarboxamide	reactant	nucleus
R04378_n	1	5-Phospho-alpha-D-ribose 1-diphosphate	product	nucleus
R04378_n	1	5-Amino-4-imidazolecarboxyamide	product	nucleus
R04378_2n	1	AMP	reactant	nucleus
R04378_2n	1	diphosphate	reactant	nucleus
R04378_2n	1	5-Phospho-alpha-D-ribose 1-diphosphate	product	nucleus
R04378_2n	1	adenine	product	nucleus
R04941_n	1	H2O	reactant	nucleus
R04941_n	2	H+	reactant	nucleus
R04941_n	1	L-Selenocystathionine	reactant	nucleus
R04941_n	1	ammonium	product	nucleus
R04941_n	1	pyruvate	product	nucleus
R04941_n	1	Selenohomocysteine	product	nucleus
R05799_n	1	ATP	reactant	nucleus
R05799_n	1	Phytic acid	reactant	nucleus
R05799_n	1	ADP	product	nucleus
R05799_n	1	1-Diphosinositol pentakisphosphate	product	nucleus
R06983_m	1	NAD	reactant	mitochondrion
R06983_m	1	S-(hydroxymethyl)glutathione	reactant	mitochondrion
R06983_m	1	NADH	product	mitochondrion
R06983_m	1	H+	product	mitochondrion
R06983_m	1	S-formylglutathione	product	mitochondrion
R07168_m	1	NAD	reactant	mitochondrion
R07168_m	1	5-methyltetrahydrofolate	reactant	mitochondrion
R07168_m	1	NADH	product	mitochondrion
R07168_m	1	H+	product	mitochondrion
R07168_m	1	5,10-methylenetetrahydrofolate	product	mitochondrion
R07364_n	1	oxygen	reactant	nucleus
R07364_n	1	1,2-Dihydroxy-5-(methylthio)pent-1-en-3-one	reactant	nucleus
R07364_n	1	formate	product	nucleus
R07364_n	1	4-Methylthio-2-oxobutanoic acid	product	nucleus
R07364_n	1	H+	product	nucleus
R07494_p	1	NADP(+)	reactant	peroxisome
R07494_p	1	4alpha-Methylzymosterol-4-carboxylate	reactant	peroxisome
R07494_p	1	NADPH	product	peroxisome
R07494_p	1	carbon dioxide	product	peroxisome
R07494_p	1	3-Keto-4-methylzymosterol	product	peroxisome
R08359_n	1	S-adenosylmethioninamine	reactant	nucleus
R08359_n	1	Cadaverine	reactant	nucleus
R08359_n	1	5'-Methylthioadenosine	product	nucleus
R08359_n	1	Aminopropylcadaverine	product	nucleus
R08359_n	1	H+	product	nucleus
RXN0-361_n	1	cytidine	reactant	nucleus
RXN0-361_n	1	H2O	reactant	nucleus
RXN0-361_n	1	cytosine	product	nucleus
RXN0-361_n	1	D-Ribofuranose	product	nucleus
RXN0-361_n	1	cytidine	reactant	nucleus
RXN0-361_n	1	H2O	reactant	nucleus
RXN0-361_n	1	cytosine	product	nucleus
RXN0-361_n	1	D-Ribofuranose	product	nucleus
RXN-8617_c	1	farnesyl diphosphate	reactant	cytoplasm
RXN-8617_c	1	H2O	reactant	cytoplasm
RXN-8617_c	1	farnesol	product	cytoplasm
RXN-8617_c	1	diphosphate	product	cytoplasm
RXN-14686_n	1	2,5-hexanedione	reactant	nucleus
RXN-14686_n	2	NADPH	reactant	nucleus
RXN-14686_n	2	H+	reactant	nucleus
RXN-14686_n	1	hexanediol	product	nucleus
RXN-14686_n	2	NADP(+)	product	nucleus
RXN4FS-2_er	1	CPD-160	reactant	endoplasmic reticulum
RXN4FS-2_er	1	S-adenosyl-L-methionine	reactant	endoplasmic reticulum
RXN4FS-2_er	1	S-adenosyl-L-homocysteine	product	endoplasmic reticulum
RXN4FS-2_er	1	phosphatidylcholine	product	endoplasmic reticulum
RXN4FS-2_er	1	H+	product	endoplasmic reticulum
R01481_n	1	NADP(+)	reactant	nucleus
R01481_n	1	L-Gulonate	reactant	nucleus
R01481_n	1	NADPH	product	nucleus
R01481_n	1	H+	product	nucleus
R01481_n	1	D-Glucuronate	product	nucleus
R00727_n	1	coenzyme A	reactant	nucleus
R00727_n	1	succinate	reactant	nucleus
R00727_n	1	ITP	reactant	nucleus
R00727_n	1	phosphate	product	nucleus
R00727_n	1	succinyl-CoA	product	nucleus
R00727_n	1	IDP	product	nucleus
R00516_n	1	UTP	reactant	nucleus
R00516_n	1	cytidine	reactant	nucleus
R00516_n	1	UDP	product	nucleus
R00516_n	1	CMP	product	nucleus
R00516_n	1	H+	product	nucleus
R00316_n	1	ATP	reactant	nucleus
R00316_n	1	H+	reactant	nucleus
R00316_n	1	acetate	reactant	nucleus
R00316_n	1	diphosphate	product	nucleus
R00316_n	1	Acetyl adenylate	product	nucleus
R04171_m	1	2-oxoglutarate	reactant	mitochondrion
R04171_m	1	3-hydroxy-L-kynurenine	reactant	mitochondrion
R04171_m	1	L-glutamate	product	mitochondrion
R04171_m	1	4-(2-Amino-3-hydroxyphenyl)-2,4-dioxobutanoate	product	mitochondrion
R03237_m	1	CTP	reactant	mitochondrion
R03237_m	1	H+	reactant	mitochondrion
R03237_m	1	D-Tagatose 6-phosphate	reactant	mitochondrion
R03237_m	1	CDP	product	mitochondrion
R03237_m	1	D-Tagatose 1,6-bisphosphate	product	mitochondrion
R04944_n	1	L-Selenocysteine	reactant	nucleus
R04944_n	1	O-Phosphorylhomoserine	reactant	nucleus
R04944_n	1	phosphate	product	nucleus
R04944_n	1	L-Selenocystathionine	product	nucleus
R09372_m	2	NADPH	reactant	mitochondrion
R09372_m	2	H+	reactant	mitochondrion
R09372_m	1	Methylselenic acid	reactant	mitochondrion
R09372_m	2	H2O	product	mitochondrion
R09372_m	2	NADP(+)	product	mitochondrion
R09372_m	1	Methaneselenol	product	mitochondrion
R10504_n	1	NAD	reactant	nucleus
R10504_n	1	meso-2,3-Butanediol	reactant	nucleus
R10504_n	1	NADH	product	nucleus
R10504_n	1	H+	product	nucleus
R10504_n	1	Acetoin	product	nucleus
R11892_n	1	ATP	reactant	nucleus
R11892_n	1	5-Fluorodeoxyuridine phosphate	reactant	nucleus
R11892_n	1	ADP	product	nucleus
R11892_n	1	5-Fluorodeoxyuridine diphosphate	product	nucleus
R11894_m	1	ATP	reactant	mitochondrion
R11894_m	1	5-Fluorouridine diphosphate	reactant	mitochondrion
R11894_m	1	ADP	product	mitochondrion
R11894_m	1	5-Fluorouridine triphosphate	product	mitochondrion
RXN-14197_n	1	5-methylcytosine	reactant	nucleus
RXN-14197_n	1	H+	reactant	nucleus
RXN-14197_n	1	H2O	reactant	nucleus
RXN-14197_n	1	ammonium	product	nucleus
RXN-14197_n	1	thymine	product	nucleus
RXN-8441_n	1	1-(beta-D ribofuranosyl)nicotinamide	reactant	nucleus
RXN-8441_n	1	H2O	reactant	nucleus
RXN-8441_n	1	D-Ribofuranose	product	nucleus
RXN-8441_n	1	nicotinamide	product	nucleus
RXN-8441_n	1	H+	product	nucleus
RXN-6763_n	1	S-Substituted-L-Cysteines	reactant	nucleus
RXN-6763_n	1	H2O	reactant	nucleus
RXN-6763_n	1	ammonium	product	nucleus
RXN-6763_n	1	pyruvate	product	nucleus
RXN-6763_n	1	Thiols	product	nucleus
2.1.1.71-RXN_m	1	CPD-405	reactant	mitochondrion
2.1.1.71-RXN_m	1	S-adenosyl-L-methionine	reactant	mitochondrion
2.1.1.71-RXN_m	1	S-adenosyl-L-homocysteine	product	mitochondrion
2.1.1.71-RXN_m	1	H+	product	mitochondrion
2.1.1.71-RXN_m	1	CPD-160	product	mitochondrion
RXN-6763_n	1	uroporphyrinogen-I	reactant	nucleus
RXN-6763_n	4	H+	reactant	nucleus
RXN-6763_n	4	carbon dioxide	product	nucleus
RXN-6763_n	1	coproporphyrinogen I	product	nucleus
R147-RXN_n	1	1,2-dihydroxy-5-(methylsulfanyl)pent-1-en-3-one	reactant	nucleus
R147-RXN_n	1	oxygen	reactant	nucleus
R147-RXN_n	1	4-(methylsulfanyl)-2-oxobutanoate	product	nucleus
R147-RXN_n	1	formate	product	nucleus
R147-RXN_n	1	H+	product	nucleus
R00962_n	1	ITP	reactant	nucleus
R00962_n	1	cytidine	reactant	nucleus
R00962_n	1	CMP	product	nucleus
R00962_n	1	IDP	product	nucleus
R00962_n	1	H+	product	nucleus
R02619_p	1	2-oxoglutarate	reactant	peroxisome
R02619_p	1	3-sulfino-L-alanine	reactant	peroxisome
R02619_p	1	L-glutamate	product	peroxisome
R02619_p	1	3-Sulfinylpyruvate	product	peroxisome
RXN-17884_m	1	NADH	reactant	mitochondrion
RXN-17884_m	1	H+	reactant	mitochondrion
RXN-17884_m	1	S-nitrosoglutathione	reactant	mitochondrion
RXN-17884_m	1	S-(hydroxysulfenamide)glutathione	product	mitochondrion
RXN-17884_m	1	NAD	product	mitochondrion
R11895_m	1	ATP	reactant	mitochondrion
R11895_m	1	5-Fluorodeoxyuridine diphosphate	reactant	mitochondrion
R11895_m	1	ADP	product	mitochondrion
R11895_m	1	5-Fluorodeoxyuridine triphosphate	product	mitochondrion
R05233_m	1	NAD	reactant	mitochondrion
R05233_m	1	trans-3-Chloro-2-propene-1-ol	reactant	mitochondrion
R05233_m	1	NADH	product	mitochondrion
R05233_m	1	H+	product	mitochondrion
R05233_m	1	trans-3-Chloroallyl aldehyde	product	mitochondrion
R05231_n	1	NADP(+)	reactant	nucleus
R05231_n	1	6-Hydroxyhexanoic acid	reactant	nucleus
R05231_n	1	NADPH	product	nucleus
R05231_n	1	H+	product	nucleus
R05231_n	1	Adipate semialdehyde	product	nucleus
R04945_n	1	O-acetyl-L-homoserine	reactant	nucleus
R04945_n	1	L-Selenocysteine	reactant	nucleus
R04945_n	1	acetate	product	nucleus
R04945_n	1	L-Selenocystathionine	product	nucleus
R04945_n	2	H+	product	nucleus